[
  {
    "Name": "TAT_BUS_005",
    "LocalizedName": "Cash is King",
    "HashNameMale": "MP_Buis_M_Neck_000",
    "HashNameFemale": "",
    "Zone": "ZONE_HEAD",
    "ZoneID": 1,
    "Price": 5000
  },
  {
    "Name": "TAT_BUS_006",
    "LocalizedName": "Bold Dollar Sign",
    "HashNameMale": "MP_Buis_M_Neck_001",
    "HashNameFemale": "",
    "Zone": "ZONE_HEAD",
    "ZoneID": 1,
    "Price": 1600
  },
  {
    "Name": "TAT_BUS_007",
    "LocalizedName": "Script Dollar Sign",
    "HashNameMale": "MP_Buis_M_Neck_002",
    "HashNameFemale": "",
    "Zone": "ZONE_HEAD",
    "ZoneID": 1,
    "Price": 1750
  },
  {
    "Name": "TAT_BUS_008",
    "LocalizedName": "$100",
    "HashNameMale": "MP_Buis_M_Neck_003",
    "HashNameFemale": "",
    "Zone": "ZONE_HEAD",
    "ZoneID": 1,
    "Price": 6900
  },
  {
    "Name": "TAT_BUS_003",
    "LocalizedName": "$100 Bill",
    "HashNameMale": "MP_Buis_M_LeftArm_000",
    "HashNameFemale": "",
    "Zone": "ZONE_LEFT_ARM",
    "ZoneID": 2,
    "Price": 3500
  },
  {
    "Name": "TAT_BUS_004",
    "LocalizedName": "All-Seeing Eye",
    "HashNameMale": "MP_Buis_M_LeftArm_001",
    "HashNameFemale": "",
    "Zone": "ZONE_LEFT_ARM",
    "ZoneID": 2,
    "Price": 7300
  },
  {
    "Name": "TAT_BUS_009",
    "LocalizedName": "Dollar Skull",
    "HashNameMale": "MP_Buis_M_RightArm_000",
    "HashNameFemale": "",
    "Zone": "ZONE_RIGHT_ARM",
    "ZoneID": 3,
    "Price": 4800
  },
  {
    "Name": "TAT_BUS_010",
    "LocalizedName": "Green",
    "HashNameMale": "MP_Buis_M_RightArm_001",
    "HashNameFemale": "",
    "Zone": "ZONE_RIGHT_ARM",
    "ZoneID": 3,
    "Price": 1500
  },
  {
    "Name": "TAT_BUS_011",
    "LocalizedName": "Refined Hustler",
    "HashNameMale": "MP_Buis_M_Stomach_000",
    "HashNameFemale": "",
    "Zone": "ZONE_TORSO",
    "ZoneID": 0,
    "Price": 6400
  },
  {
    "Name": "TAT_BUS_001",
    "LocalizedName": "Rich",
    "HashNameMale": "MP_Buis_M_Chest_000",
    "HashNameFemale": "",
    "Zone": "ZONE_TORSO",
    "ZoneID": 0,
    "Price": 3250
  },
  {
    "Name": "TAT_BUS_002",
    "LocalizedName": "$$$",
    "HashNameMale": "MP_Buis_M_Chest_001",
    "HashNameFemale": "",
    "Zone": "ZONE_TORSO",
    "ZoneID": 0,
    "Price": 3500
  },
  {
    "Name": "TAT_BUS_000",
    "LocalizedName": "Makin' Paper",
    "HashNameMale": "MP_Buis_M_Back_000",
    "HashNameFemale": "",
    "Zone": "ZONE_TORSO",
    "ZoneID": 0,
    "Price": 5500
  },
  {
    "Name": "TAT_BUS_F_002",
    "LocalizedName": "High Roller",
    "HashNameMale": "",
    "HashNameFemale": "MP_Buis_F_Chest_000",
    "Zone": "ZONE_TORSO",
    "ZoneID": 0,
    "Price": 7000
  },
  {
    "Name": "TAT_BUS_F_003",
    "LocalizedName": "Makin' Money",
    "HashNameMale": "",
    "HashNameFemale": "MP_Buis_F_Chest_001",
    "Zone": "ZONE_TORSO",
    "ZoneID": 0,
    "Price": 7200
  },
  {
    "Name": "TAT_BUS_F_004",
    "LocalizedName": "Love Money",
    "HashNameMale": "",
    "HashNameFemale": "MP_Buis_F_Chest_002",
    "Zone": "ZONE_TORSO",
    "ZoneID": 0,
    "Price": 1600
  },
  {
    "Name": "TAT_BUS_F_011",
    "LocalizedName": "Diamond Back",
    "HashNameMale": "",
    "HashNameFemale": "MP_Buis_F_Stom_000",
    "Zone": "ZONE_TORSO",
    "ZoneID": 0,
    "Price": 6800
  },
  {
    "Name": "TAT_BUS_F_012",
    "LocalizedName": "Santo Capra Logo",
    "HashNameMale": "",
    "HashNameFemale": "MP_Buis_F_Stom_001",
    "Zone": "ZONE_TORSO",
    "ZoneID": 0,
    "Price": 1800
  },
  {
    "Name": "TAT_BUS_F_013",
    "LocalizedName": "Money Bag",
    "HashNameMale": "",
    "HashNameFemale": "MP_Buis_F_Stom_002",
    "Zone": "ZONE_TORSO",
    "ZoneID": 0,
    "Price": 1500
  },
  {
    "Name": "TAT_BUS_F_000",
    "LocalizedName": "Respect",
    "HashNameMale": "",
    "HashNameFemale": "MP_Buis_F_Back_000",
    "Zone": "ZONE_TORSO",
    "ZoneID": 0,
    "Price": 4200
  },
  {
    "Name": "TAT_BUS_F_001",
    "LocalizedName": "Gold Digger",
    "HashNameMale": "",
    "HashNameFemale": "MP_Buis_F_Back_001",
    "Zone": "ZONE_TORSO",
    "ZoneID": 0,
    "Price": 4000
  },
  {
    "Name": "TAT_BUS_F_007",
    "LocalizedName": "Val-de-Grace Logo",
    "HashNameMale": "",
    "HashNameFemale": "MP_Buis_F_Neck_000",
    "Zone": "ZONE_HEAD",
    "ZoneID": 1,
    "Price": 1900
  },
  {
    "Name": "TAT_BUS_F_008",
    "LocalizedName": "Money Rose",
    "HashNameMale": "",
    "HashNameFemale": "MP_Buis_F_Neck_001",
    "Zone": "ZONE_HEAD",
    "ZoneID": 1,
    "Price": 2500
  },
  {
    "Name": "TAT_BUS_F_009",
    "LocalizedName": "Dollar Sign",
    "HashNameMale": "",
    "HashNameFemale": "MP_Buis_F_RArm_000",
    "Zone": "ZONE_RIGHT_ARM",
    "ZoneID": 3,
    "Price": 4900
  },
  {
    "Name": "TAT_BUS_F_005",
    "LocalizedName": "Greed is Good",
    "HashNameMale": "",
    "HashNameFemale": "MP_Buis_F_LArm_000",
    "Zone": "ZONE_LEFT_ARM",
    "ZoneID": 2,
    "Price": 5500
  },
  {
    "Name": "TAT_BUS_F_006",
    "LocalizedName": "Single",
    "HashNameMale": "",
    "HashNameFemale": "MP_Buis_F_LLeg_000",
    "Zone": "ZONE_LEFT_LEG",
    "ZoneID": 4,
    "Price": 4850
  },
  {
    "Name": "TAT_BUS_F_010",
    "LocalizedName": "Diamond Crown",
    "HashNameMale": "",
    "HashNameFemale": "MP_Buis_F_RLeg_000",
    "Zone": "ZONE_RIGHT_LEG",
    "ZoneID": 5,
    "Price": 4500
  }
]