[
  {
    "Name": "TAT_H27_000",
    "LocalizedName": "Thor & Goblin",
    "HashNameMale": "MP_Christmas2017_Tattoo_000_M",
    "HashNameFemale": "MP_Christmas2017_Tattoo_000_F",
    "Zone": "ZONE_TORSO",
    "ZoneID": 0,
    "Price": 13500
  },
  {
    "Name": "TAT_H27_001",
    "LocalizedName": "Viking Warrior",
    "HashNameMale": "MP_Christmas2017_Tattoo_001_M",
    "HashNameFemale": "MP_Christmas2017_Tattoo_001_F",
    "Zone": "ZONE_LEFT_ARM",
    "ZoneID": 2,
    "Price": 17260
  },
  {
    "Name": "TAT_H27_002",
    "LocalizedName": "Kabuto",
    "HashNameMale": "MP_Christmas2017_Tattoo_002_M",
    "HashNameFemale": "MP_Christmas2017_Tattoo_002_F",
    "Zone": "ZONE_TORSO",
    "ZoneID": 0,
    "Price": 18360
  },
  {
    "Name": "TAT_H27_003",
    "LocalizedName": "Native Warrior",
    "HashNameMale": "MP_Christmas2017_Tattoo_003_M",
    "HashNameFemale": "MP_Christmas2017_Tattoo_003_F",
    "Zone": "ZONE_TORSO",
    "ZoneID": 0,
    "Price": 17780
  },
  {
    "Name": "TAT_H27_004",
    "LocalizedName": "Tiger & Mask",
    "HashNameMale": "MP_Christmas2017_Tattoo_004_M",
    "HashNameFemale": "MP_Christmas2017_Tattoo_004_F",
    "Zone": "ZONE_LEFT_ARM",
    "ZoneID": 2,
    "Price": 20400
  },
  {
    "Name": "TAT_H27_005",
    "LocalizedName": "Ghost Dragon",
    "HashNameMale": "MP_Christmas2017_Tattoo_005_M",
    "HashNameFemale": "MP_Christmas2017_Tattoo_005_F",
    "Zone": "ZONE_TORSO",
    "ZoneID": 0,
    "Price": 52660
  },
  {
    "Name": "TAT_H27_006",
    "LocalizedName": "Medusa",
    "HashNameMale": "MP_Christmas2017_Tattoo_006_M",
    "HashNameFemale": "MP_Christmas2017_Tattoo_006_F",
    "Zone": "ZONE_RIGHT_ARM",
    "ZoneID": 3,
    "Price": 22030
  },
  {
    "Name": "TAT_H27_007",
    "LocalizedName": "Spartan Combat",
    "HashNameMale": "MP_Christmas2017_Tattoo_007_M",
    "HashNameFemale": "MP_Christmas2017_Tattoo_007_F",
    "Zone": "ZONE_LEFT_ARM",
    "ZoneID": 2,
    "Price": 19670
  },
  {
    "Name": "TAT_H27_008",
    "LocalizedName": "Spartan Warrior",
    "HashNameMale": "MP_Christmas2017_Tattoo_008_M",
    "HashNameFemale": "MP_Christmas2017_Tattoo_008_F",
    "Zone": "ZONE_TORSO",
    "ZoneID": 0,
    "Price": 36800
  },
  {
    "Name": "TAT_H27_009",
    "LocalizedName": "Norse Rune",
    "HashNameMale": "MP_Christmas2017_Tattoo_009_M",
    "HashNameFemale": "MP_Christmas2017_Tattoo_009_F",
    "Zone": "ZONE_TORSO",
    "ZoneID": 0,
    "Price": 23870
  },
  {
    "Name": "TAT_H27_010",
    "LocalizedName": "Spartan Shield",
    "HashNameMale": "MP_Christmas2017_Tattoo_010_M",
    "HashNameFemale": "MP_Christmas2017_Tattoo_010_F",
    "Zone": "ZONE_TORSO",
    "ZoneID": 0,
    "Price": 49540
  },
  {
    "Name": "TAT_H27_011",
    "LocalizedName": "Weathered Skull",
    "HashNameMale": "MP_Christmas2017_Tattoo_011_M",
    "HashNameFemale": "MP_Christmas2017_Tattoo_011_F",
    "Zone": "ZONE_TORSO",
    "ZoneID": 0,
    "Price": 53950
  },
  {
    "Name": "TAT_H27_012",
    "LocalizedName": "Tiger Headdress",
    "HashNameMale": "MP_Christmas2017_Tattoo_012_M",
    "HashNameFemale": "MP_Christmas2017_Tattoo_012_F",
    "Zone": "ZONE_RIGHT_ARM",
    "ZoneID": 3,
    "Price": 21190
  },
  {
    "Name": "TAT_H27_013",
    "LocalizedName": "Katana",
    "HashNameMale": "MP_Christmas2017_Tattoo_013_M",
    "HashNameFemale": "MP_Christmas2017_Tattoo_013_F",
    "Zone": "ZONE_LEFT_ARM",
    "ZoneID": 2,
    "Price": 22930
  },
  {
    "Name": "TAT_H27_014",
    "LocalizedName": "Celtic Band",
    "HashNameMale": "MP_Christmas2017_Tattoo_014_M",
    "HashNameFemale": "MP_Christmas2017_Tattoo_014_F",
    "Zone": "ZONE_RIGHT_ARM",
    "ZoneID": 3,
    "Price": 11860
  },
  {
    "Name": "TAT_H27_015",
    "LocalizedName": "Samurai Combat",
    "HashNameMale": "MP_Christmas2017_Tattoo_015_M",
    "HashNameFemale": "MP_Christmas2017_Tattoo_015_F",
    "Zone": "ZONE_TORSO",
    "ZoneID": 0,
    "Price": 50460
  },
  {
    "Name": "TAT_H27_016",
    "LocalizedName": "Odin & Raven",
    "HashNameMale": "MP_Christmas2017_Tattoo_016_M",
    "HashNameFemale": "MP_Christmas2017_Tattoo_016_F",
    "Zone": "ZONE_TORSO",
    "ZoneID": 0,
    "Price": 51500
  },
  {
    "Name": "TAT_H27_017",
    "LocalizedName": "Feather Sleeve",
    "HashNameMale": "MP_Christmas2017_Tattoo_017_M",
    "HashNameFemale": "MP_Christmas2017_Tattoo_017_F",
    "Zone": "ZONE_RIGHT_ARM",
    "ZoneID": 3,
    "Price": 32080
  },
  {
    "Name": "TAT_H27_018",
    "LocalizedName": "Muscle Tear",
    "HashNameMale": "MP_Christmas2017_Tattoo_018_M",
    "HashNameFemale": "MP_Christmas2017_Tattoo_018_F",
    "Zone": "ZONE_RIGHT_ARM",
    "ZoneID": 3,
    "Price": 34410
  },
  {
    "Name": "TAT_H27_019",
    "LocalizedName": "Strike Force",
    "HashNameMale": "MP_Christmas2017_Tattoo_019_M",
    "HashNameFemale": "MP_Christmas2017_Tattoo_019_F",
    "Zone": "ZONE_TORSO",
    "ZoneID": 0,
    "Price": 16780
  },
  {
    "Name": "TAT_H27_020",
    "LocalizedName": "Medusa's Gaze",
    "HashNameMale": "MP_Christmas2017_Tattoo_020_M",
    "HashNameFemale": "MP_Christmas2017_Tattoo_020_F",
    "Zone": "ZONE_TORSO",
    "ZoneID": 0,
    "Price": 46890
  },
  {
    "Name": "TAT_H27_021",
    "LocalizedName": "Spartan & Lion",
    "HashNameMale": "MP_Christmas2017_Tattoo_021_M",
    "HashNameFemale": "MP_Christmas2017_Tattoo_021_F",
    "Zone": "ZONE_TORSO",
    "ZoneID": 0,
    "Price": 24870
  },
  {
    "Name": "TAT_H27_022",
    "LocalizedName": "Spartan & Horse",
    "HashNameMale": "MP_Christmas2017_Tattoo_022_M",
    "HashNameFemale": "MP_Christmas2017_Tattoo_022_F",
    "Zone": "ZONE_TORSO",
    "ZoneID": 0,
    "Price": 29970
  },
  {
    "Name": "TAT_H27_023",
    "LocalizedName": "Samurai Tallship",
    "HashNameMale": "MP_Christmas2017_Tattoo_023_M",
    "HashNameFemale": "MP_Christmas2017_Tattoo_023_F",
    "Zone": "ZONE_RIGHT_ARM",
    "ZoneID": 3,
    "Price": 39240
  },
  {
    "Name": "TAT_H27_024",
    "LocalizedName": "Dragon Slayer",
    "HashNameMale": "MP_Christmas2017_Tattoo_024_M",
    "HashNameFemale": "MP_Christmas2017_Tattoo_024_F",
    "Zone": "ZONE_TORSO",
    "ZoneID": 0,
    "Price": 41740
  },
  {
    "Name": "TAT_H27_025",
    "LocalizedName": "Winged Serpent",
    "HashNameMale": "MP_Christmas2017_Tattoo_025_M",
    "HashNameFemale": "MP_Christmas2017_Tattoo_025_F",
    "Zone": "ZONE_LEFT_ARM",
    "ZoneID": 2,
    "Price": 27560
  },
  {
    "Name": "TAT_H27_026",
    "LocalizedName": "Spartan Skull",
    "HashNameMale": "MP_Christmas2017_Tattoo_026_M",
    "HashNameFemale": "MP_Christmas2017_Tattoo_026_F",
    "Zone": "ZONE_TORSO",
    "ZoneID": 0,
    "Price": 18980
  },
  {
    "Name": "TAT_H27_027",
    "LocalizedName": "Molon Labe",
    "HashNameMale": "MP_Christmas2017_Tattoo_027_M",
    "HashNameFemale": "MP_Christmas2017_Tattoo_027_F",
    "Zone": "ZONE_TORSO",
    "ZoneID": 0,
    "Price": 44280
  },
  {
    "Name": "TAT_H27_028",
    "LocalizedName": "Spartan Mural",
    "HashNameMale": "MP_Christmas2017_Tattoo_028_M",
    "HashNameFemale": "MP_Christmas2017_Tattoo_028_F",
    "Zone": "ZONE_RIGHT_ARM",
    "ZoneID": 3,
    "Price": 15150
  },
  {
    "Name": "TAT_H27_029",
    "LocalizedName": "Cerberus",
    "HashNameMale": "MP_Christmas2017_Tattoo_029_M",
    "HashNameFemale": "MP_Christmas2017_Tattoo_029_F",
    "Zone": "ZONE_LEFT_ARM",
    "ZoneID": 2,
    "Price": 25920
  }
]