[
  {
    "Name": "TAT_S2_000",
    "LocalizedName": "SA Assault",
    "HashNameMale": "MP_LR_Tat_000_M",
    "HashNameFemale": "MP_LR_Tat_000_F",
    "Zone": "ZONE_TORSO",
    "ZoneID": 0,
    "Price": 19000
  },
  {
    "Name": "TAT_S2_003",
    "LocalizedName": "Lady Vamp",
    "HashNameMale": "MP_LR_Tat_003_M",
    "HashNameFemale": "MP_LR_Tat_003_F",
    "Zone": "ZONE_RIGHT_ARM",
    "ZoneID": 3,
    "Price": 5950
  },
  {
    "Name": "TAT_S2_006",
    "LocalizedName": "Love Hustle",
    "HashNameMale": "MP_LR_Tat_006_M",
    "HashNameFemale": "MP_LR_Tat_006_F",
    "Zone": "ZONE_LEFT_ARM",
    "ZoneID": 2,
    "Price": 7450
  },
  {
    "Name": "TAT_S2_008",
    "LocalizedName": "Love the Game",
    "HashNameMale": "MP_LR_Tat_008_M",
    "HashNameFemale": "MP_LR_Tat_008_F",
    "Zone": "ZONE_TORSO",
    "ZoneID": 0,
    "Price": 18750
  },
  {
    "Name": "TAT_S2_011",
    "LocalizedName": "Lady Liberty",
    "HashNameMale": "MP_LR_Tat_011_M",
    "HashNameFemale": "MP_LR_Tat_011_F",
    "Zone": "ZONE_TORSO",
    "ZoneID": 0,
    "Price": 8000
  },
  {
    "Name": "TAT_S2_012",
    "LocalizedName": "Royal Kiss",
    "HashNameMale": "MP_LR_Tat_012_M",
    "HashNameFemale": "MP_LR_Tat_012_F",
    "Zone": "ZONE_TORSO",
    "ZoneID": 0,
    "Price": 7650
  },
  {
    "Name": "TAT_S2_016",
    "LocalizedName": "Two Face",
    "HashNameMale": "MP_LR_Tat_016_M",
    "HashNameFemale": "MP_LR_Tat_016_F",
    "Zone": "ZONE_TORSO",
    "ZoneID": 0,
    "Price": 6400
  },
  {
    "Name": "TAT_S2_018",
    "LocalizedName": "Skeleton Party",
    "HashNameMale": "MP_LR_Tat_018_M",
    "HashNameFemale": "MP_LR_Tat_018_F",
    "Zone": "ZONE_LEFT_ARM",
    "ZoneID": 2,
    "Price": 11000
  },
  {
    "Name": "TAT_S2_019",
    "LocalizedName": "Death Behind",
    "HashNameMale": "MP_LR_Tat_019_M",
    "HashNameFemale": "MP_LR_Tat_019_F",
    "Zone": "ZONE_TORSO",
    "ZoneID": 0,
    "Price": 9750
  },
  {
    "Name": "TAT_S2_022",
    "LocalizedName": "My Crazy Life",
    "HashNameMale": "MP_LR_Tat_022_M",
    "HashNameFemale": "MP_LR_Tat_022_F",
    "Zone": "ZONE_LEFT_ARM",
    "ZoneID": 2,
    "Price": 7350
  },
  {
    "Name": "TAT_S2_028",
    "LocalizedName": "Loving Los Muertos",
    "HashNameMale": "MP_LR_Tat_028_M",
    "HashNameFemale": "MP_LR_Tat_028_F",
    "Zone": "ZONE_RIGHT_ARM",
    "ZoneID": 3,
    "Price": 8800
  },
  {
    "Name": "TAT_S2_029",
    "LocalizedName": "Death Us Do Part",
    "HashNameMale": "MP_LR_Tat_029_M",
    "HashNameFemale": "MP_LR_Tat_029_F",
    "Zone": "ZONE_LEFT_LEG",
    "ZoneID": 4,
    "Price": 6250
  },
  {
    "Name": "TAT_S2_030",
    "LocalizedName": "San Andreas Prayer",
    "HashNameMale": "MP_LR_Tat_030_M",
    "HashNameFemale": "MP_LR_Tat_030_F",
    "Zone": "ZONE_RIGHT_LEG",
    "ZoneID": 5,
    "Price": 8150
  },
  {
    "Name": "TAT_S2_031",
    "LocalizedName": "Dead Pretty",
    "HashNameMale": "MP_LR_Tat_031_M",
    "HashNameFemale": "MP_LR_Tat_031_F",
    "Zone": "ZONE_TORSO",
    "ZoneID": 0,
    "Price": 16500
  },
  {
    "Name": "TAT_S2_032",
    "LocalizedName": "Reign Over",
    "HashNameMale": "MP_LR_Tat_032_M",
    "HashNameFemale": "MP_LR_Tat_032_F",
    "Zone": "ZONE_TORSO",
    "ZoneID": 0,
    "Price": 18500
  },
  {
    "Name": "TAT_S2_035",
    "LocalizedName": "Black Tears",
    "HashNameMale": "MP_LR_Tat_035_M",
    "HashNameFemale": "MP_LR_Tat_035_F",
    "Zone": "ZONE_RIGHT_ARM",
    "ZoneID": 3,
    "Price": 8250
  }
]