[
  {
    "Name": "TAT_L2_002",
    "LocalizedName": "The Howler",
    "HashNameMale": "MP_LUXE_TAT_002_M",
    "HashNameFemale": "MP_LUXE_TAT_002_F",
    "Zone": "ZONE_TORSO",
    "ZoneID": 0,
    "Price": 11000
  },
  {
    "Name": "TAT_L2_005",
    "LocalizedName": "Fatal Dagger",
    "HashNameMale": "MP_LUXE_TAT_005_M",
    "HashNameFemale": "MP_LUXE_TAT_005_F",
    "Zone": "ZONE_LEFT_ARM",
    "ZoneID": 2,
    "Price": 10250
  },
  {
    "Name": "TAT_L2_010",
    "LocalizedName": "Intrometric",
    "HashNameMale": "MP_LUXE_TAT_010_M",
    "HashNameFemale": "MP_LUXE_TAT_010_F",
    "Zone": "ZONE_RIGHT_ARM",
    "ZoneID": 3,
    "Price": 14650
  },
  {
    "Name": "TAT_L2_011",
    "LocalizedName": "Cross of Roses",
    "HashNameMale": "MP_LUXE_TAT_011_M",
    "HashNameFemale": "MP_LUXE_TAT_011_F",
    "Zone": "ZONE_LEFT_LEG",
    "ZoneID": 4,
    "Price": 13250
  },
  {
    "Name": "TAT_L2_012",
    "LocalizedName": "Geometric Galaxy",
    "HashNameMale": "MP_LUXE_TAT_012_M",
    "HashNameFemale": "MP_LUXE_TAT_012_F",
    "Zone": "ZONE_TORSO",
    "ZoneID": 0,
    "Price": 26500
  },
  {
    "Name": "TAT_L2_016",
    "LocalizedName": "Egyptian Mural",
    "HashNameMale": "MP_LUXE_TAT_016_M",
    "HashNameFemale": "MP_LUXE_TAT_016_F",
    "Zone": "ZONE_LEFT_ARM",
    "ZoneID": 2,
    "Price": 18600
  },
  {
    "Name": "TAT_L2_017",
    "LocalizedName": "Heavenly Deity",
    "HashNameMale": "MP_LUXE_TAT_017_M",
    "HashNameFemale": "MP_LUXE_TAT_017_F",
    "Zone": "ZONE_RIGHT_ARM",
    "ZoneID": 3,
    "Price": 21550
  },
  {
    "Name": "TAT_L2_018",
    "LocalizedName": "Divine Goddess",
    "HashNameMale": "MP_LUXE_TAT_018_M",
    "HashNameFemale": "MP_LUXE_TAT_018_F",
    "Zone": "ZONE_LEFT_ARM",
    "ZoneID": 2,
    "Price": 23400
  },
  {
    "Name": "TAT_L2_022",
    "LocalizedName": "Cloaked Angel",
    "HashNameMale": "MP_LUXE_TAT_022_M",
    "HashNameFemale": "MP_LUXE_TAT_022_F",
    "Zone": "ZONE_TORSO",
    "ZoneID": 0,
    "Price": 28500
  },
  {
    "Name": "TAT_L2_023",
    "LocalizedName": "Starmetric",
    "HashNameMale": "MP_LUXE_TAT_023_M",
    "HashNameFemale": "MP_LUXE_TAT_023_F",
    "Zone": "ZONE_RIGHT_LEG",
    "ZoneID": 5,
    "Price": 15600
  },
  {
    "Name": "TAT_L2_025",
    "LocalizedName": "Reaper Sway",
    "HashNameMale": "MP_LUXE_TAT_025_M",
    "HashNameFemale": "MP_LUXE_TAT_025_F",
    "Zone": "ZONE_TORSO",
    "ZoneID": 0,
    "Price": 11500
  },
  {
    "Name": "TAT_L2_026",
    "LocalizedName": "Floral Print",
    "HashNameMale": "MP_LUXE_TAT_026_M",
    "HashNameFemale": "MP_LUXE_TAT_026_F",
    "Zone": "ZONE_RIGHT_ARM",
    "ZoneID": 3,
    "Price": 14700
  },
  {
    "Name": "TAT_L2_027",
    "LocalizedName": "Cobra Dawn",
    "HashNameMale": "MP_LUXE_TAT_027_M",
    "HashNameFemale": "MP_LUXE_TAT_027_F",
    "Zone": "ZONE_TORSO",
    "ZoneID": 0,
    "Price": 12750
  },
  {
    "Name": "TAT_L2_028",
    "LocalizedName": "Python Skull",
    "HashNameMale": "MP_LUXE_TAT_028_M",
    "HashNameFemale": "MP_LUXE_TAT_028_F",
    "Zone": "ZONE_LEFT_ARM",
    "ZoneID": 2,
    "Price": 11300
  },
  {
    "Name": "TAT_L2_029",
    "LocalizedName": "Geometric Design",
    "HashNameMale": "MP_LUXE_TAT_029_M",
    "HashNameFemale": "MP_LUXE_TAT_029_F",
    "Zone": "ZONE_TORSO",
    "ZoneID": 0,
    "Price": 30000
  },
  {
    "Name": "TAT_L2_030",
    "LocalizedName": "Geometric Design",
    "HashNameMale": "MP_LUXE_TAT_030_M",
    "HashNameFemale": "MP_LUXE_TAT_030_F",
    "Zone": "ZONE_RIGHT_ARM",
    "ZoneID": 3,
    "Price": 0
  },
  {
    "Name": "TAT_L2_031",
    "LocalizedName": "Geometric Design",
    "HashNameMale": "MP_LUXE_TAT_031_M",
    "HashNameFemale": "MP_LUXE_TAT_031_F",
    "Zone": "ZONE_LEFT_ARM",
    "ZoneID": 2,
    "Price": 0
  }
]