[
  {
    "Name": "TAT_VW_000",
    "LocalizedName": "In the Pocket",
    "HashNameMale": "MP_Vinewood_Tat_000_M",
    "HashNameFemale": "MP_Vinewood_Tat_000_F",
    "Zone": "ZONE_TORSO",
    "ZoneID": 0,
    "Price": 21115
  },
  {
    "Name": "TAT_VW_001",
    "LocalizedName": "Jackpot",
    "HashNameMale": "MP_Vinewood_Tat_001_M",
    "HashNameFemale": "MP_Vinewood_Tat_001_F",
    "Zone": "ZONE_TORSO",
    "ZoneID": 0,
    "Price": 20475
  },
  {
    "Name": "TAT_VW_002",
    "LocalizedName": "Suits",
    "HashNameMale": "MP_Vinewood_Tat_002_M",
    "HashNameFemale": "MP_Vinewood_Tat_002_F",
    "Zone": "ZONE_LEFT_ARM",
    "ZoneID": 2,
    "Price": 19745
  },
  {
    "Name": "TAT_VW_003",
    "LocalizedName": "Royal Flush",
    "HashNameMale": "MP_Vinewood_Tat_003_M",
    "HashNameFemale": "MP_Vinewood_Tat_003_F",
    "Zone": "ZONE_TORSO",
    "ZoneID": 0,
    "Price": 18865
  },
  {
    "Name": "TAT_VW_004",
    "LocalizedName": "Lady Luck",
    "HashNameMale": "MP_Vinewood_Tat_004_M",
    "HashNameFemale": "MP_Vinewood_Tat_004_F",
    "Zone": "ZONE_RIGHT_ARM",
    "ZoneID": 3,
    "Price": 19505
  },
  {
    "Name": "TAT_VW_005",
    "LocalizedName": "Get Lucky",
    "HashNameMale": "MP_Vinewood_Tat_005_M",
    "HashNameFemale": "MP_Vinewood_Tat_005_F",
    "Zone": "ZONE_LEFT_ARM",
    "ZoneID": 2,
    "Price": 16680
  },
  {
    "Name": "TAT_VW_006",
    "LocalizedName": "Wheel of Suits",
    "HashNameMale": "MP_Vinewood_Tat_006_M",
    "HashNameFemale": "MP_Vinewood_Tat_006_F",
    "Zone": "ZONE_TORSO",
    "ZoneID": 0,
    "Price": 31100
  },
  {
    "Name": "TAT_VW_007",
    "LocalizedName": "777",
    "HashNameMale": "MP_Vinewood_Tat_007_M",
    "HashNameFemale": "MP_Vinewood_Tat_007_F",
    "Zone": "ZONE_TORSO",
    "ZoneID": 0,
    "Price": 13460
  },
  {
    "Name": "TAT_VW_008",
    "LocalizedName": "Snake Eyes",
    "HashNameMale": "MP_Vinewood_Tat_008_M",
    "HashNameFemale": "MP_Vinewood_Tat_008_F",
    "Zone": "ZONE_TORSO",
    "ZoneID": 0,
    "Price": 31520
  },
  {
    "Name": "TAT_VW_009",
    "LocalizedName": "Till Death Do Us Part",
    "HashNameMale": "MP_Vinewood_Tat_009_M",
    "HashNameFemale": "MP_Vinewood_Tat_009_F",
    "Zone": "ZONE_TORSO",
    "ZoneID": 0,
    "Price": 28970
  },
  {
    "Name": "TAT_VW_010",
    "LocalizedName": "Photo Finish",
    "HashNameMale": "MP_Vinewood_Tat_010_M",
    "HashNameFemale": "MP_Vinewood_Tat_010_F",
    "Zone": "ZONE_TORSO",
    "ZoneID": 0,
    "Price": 27860
  },
  {
    "Name": "TAT_VW_011",
    "LocalizedName": "Life's a Gamble",
    "HashNameMale": "MP_Vinewood_Tat_011_M",
    "HashNameFemale": "MP_Vinewood_Tat_011_F",
    "Zone": "ZONE_TORSO",
    "ZoneID": 0,
    "Price": 29825
  },
  {
    "Name": "TAT_VW_012",
    "LocalizedName": "Skull of Suits",
    "HashNameMale": "MP_Vinewood_Tat_012_M",
    "HashNameFemale": "MP_Vinewood_Tat_012_F",
    "Zone": "ZONE_TORSO",
    "ZoneID": 0,
    "Price": 32115
  },
  {
    "Name": "TAT_VW_013",
    "LocalizedName": "One-armed Bandit",
    "HashNameMale": "MP_Vinewood_Tat_013_M",
    "HashNameFemale": "MP_Vinewood_Tat_013_F",
    "Zone": "ZONE_LEFT_LEG",
    "ZoneID": 4,
    "Price": 11505
  },
  {
    "Name": "TAT_VW_014",
    "LocalizedName": "Vice",
    "HashNameMale": "MP_Vinewood_Tat_014_M",
    "HashNameFemale": "MP_Vinewood_Tat_014_F",
    "Zone": "ZONE_LEFT_ARM",
    "ZoneID": 2,
    "Price": 19215
  },
  {
    "Name": "TAT_VW_015",
    "LocalizedName": "The Jolly Joker",
    "HashNameMale": "MP_Vinewood_Tat_015_M",
    "HashNameFemale": "MP_Vinewood_Tat_015_F",
    "Zone": "ZONE_TORSO",
    "ZoneID": 0,
    "Price": 30840
  },
  {
    "Name": "TAT_VW_016",
    "LocalizedName": "Rose & Aces",
    "HashNameMale": "MP_Vinewood_Tat_016_M",
    "HashNameFemale": "MP_Vinewood_Tat_016_F",
    "Zone": "ZONE_TORSO",
    "ZoneID": 0,
    "Price": 24425
  },
  {
    "Name": "TAT_VW_017",
    "LocalizedName": "Roll the Dice",
    "HashNameMale": "MP_Vinewood_Tat_017_M",
    "HashNameFemale": "MP_Vinewood_Tat_017_F",
    "Zone": "ZONE_TORSO",
    "ZoneID": 0,
    "Price": 33765
  },
  {
    "Name": "TAT_VW_018",
    "LocalizedName": "The Gambler's Life",
    "HashNameMale": "MP_Vinewood_Tat_018_M",
    "HashNameFemale": "MP_Vinewood_Tat_018_F",
    "Zone": "ZONE_RIGHT_ARM",
    "ZoneID": 3,
    "Price": 21095
  },
  {
    "Name": "TAT_VW_019",
    "LocalizedName": "Can't Win Them All",
    "HashNameMale": "MP_Vinewood_Tat_019_M",
    "HashNameFemale": "MP_Vinewood_Tat_019_F",
    "Zone": "ZONE_LEFT_ARM",
    "ZoneID": 2,
    "Price": 15665
  },
  {
    "Name": "TAT_VW_020",
    "LocalizedName": "Cash is King",
    "HashNameMale": "MP_Vinewood_Tat_020_M",
    "HashNameFemale": "MP_Vinewood_Tat_020_F",
    "Zone": "ZONE_RIGHT_LEG",
    "ZoneID": 5,
    "Price": 14805
  },
  {
    "Name": "TAT_VW_021",
    "LocalizedName": "Show Your Hand",
    "HashNameMale": "MP_Vinewood_Tat_021_M",
    "HashNameFemale": "MP_Vinewood_Tat_021_F",
    "Zone": "ZONE_TORSO",
    "ZoneID": 0,
    "Price": 40250
  },
  {
    "Name": "TAT_VW_022",
    "LocalizedName": "Blood Money",
    "HashNameMale": "MP_Vinewood_Tat_022_M",
    "HashNameFemale": "MP_Vinewood_Tat_022_F",
    "Zone": "ZONE_TORSO",
    "ZoneID": 0,
    "Price": 12100
  },
  {
    "Name": "TAT_VW_023",
    "LocalizedName": "Lucky 7s",
    "HashNameMale": "MP_Vinewood_Tat_023_M",
    "HashNameFemale": "MP_Vinewood_Tat_023_F",
    "Zone": "ZONE_TORSO",
    "ZoneID": 0,
    "Price": 0
  },
  {
    "Name": "TAT_VW_024",
    "LocalizedName": "Cash Mouth",
    "HashNameMale": "MP_Vinewood_Tat_024_M",
    "HashNameFemale": "MP_Vinewood_Tat_024_F",
    "Zone": "ZONE_TORSO",
    "ZoneID": 0,
    "Price": 19990
  },
  {
    "Name": "TAT_VW_025",
    "LocalizedName": "Queen of Roses",
    "HashNameMale": "MP_Vinewood_Tat_025_M",
    "HashNameFemale": "MP_Vinewood_Tat_025_F",
    "Zone": "ZONE_RIGHT_ARM",
    "ZoneID": 3,
    "Price": 20110
  },
  {
    "Name": "TAT_VW_026",
    "LocalizedName": "Banknote Rose",
    "HashNameMale": "MP_Vinewood_Tat_026_M",
    "HashNameFemale": "MP_Vinewood_Tat_026_F",
    "Zone": "ZONE_LEFT_ARM",
    "ZoneID": 2,
    "Price": 25305
  },
  {
    "Name": "TAT_VW_027",
    "LocalizedName": "8-Ball Rose",
    "HashNameMale": "MP_Vinewood_Tat_027_M",
    "HashNameFemale": "MP_Vinewood_Tat_027_F",
    "Zone": "ZONE_LEFT_LEG",
    "ZoneID": 4,
    "Price": 24550
  },
  {
    "Name": "TAT_VW_028",
    "LocalizedName": "Skull & Aces",
    "HashNameMale": "MP_Vinewood_Tat_028_M",
    "HashNameFemale": "MP_Vinewood_Tat_028_F",
    "Zone": "ZONE_RIGHT_ARM",
    "ZoneID": 3,
    "Price": 18850
  },
  {
    "Name": "TAT_VW_029",
    "LocalizedName": "The Table",
    "HashNameMale": "MP_Vinewood_Tat_029_M",
    "HashNameFemale": "MP_Vinewood_Tat_029_F",
    "Zone": "ZONE_TORSO",
    "ZoneID": 0,
    "Price": 36650
  },
  {
    "Name": "TAT_VW_030",
    "LocalizedName": "The Royals",
    "HashNameMale": "MP_Vinewood_Tat_030_M",
    "HashNameFemale": "MP_Vinewood_Tat_030_F",
    "Zone": "ZONE_TORSO",
    "ZoneID": 0,
    "Price": 0
  },
  {
    "Name": "TAT_VW_031",
    "LocalizedName": "Gambling Royalty",
    "HashNameMale": "MP_Vinewood_Tat_031_M",
    "HashNameFemale": "MP_Vinewood_Tat_031_F",
    "Zone": "ZONE_TORSO",
    "ZoneID": 0,
    "Price": 30220
  },
  {
    "Name": "TAT_VW_032",
    "LocalizedName": "Play Your Ace",
    "HashNameMale": "MP_Vinewood_Tat_032_M",
    "HashNameFemale": "MP_Vinewood_Tat_032_F",
    "Zone": "ZONE_TORSO",
    "ZoneID": 0,
    "Price": 42885
  }
]